[
    {
      "title": "Wireless Headphones",
      "description": "High-quality wireless headphones with noise cancellation and long battery life.",
      "price": 79.99,
      "image_url": "https://images.unsplash.com/photo-1586023492125-27b2c045efd7?q=80&w=958&auto=format&fit=crop&ixlib=rb-4.0.3&ixid=M3wxMjA3fDB8MHxwaG90by1wYWdlfHx8fGVufDB8fHx8fA%3D%3D"
    },
    {
      "title": "Smartwatch",
      "description": "Feature-packed smartwatch with fitness tracking, heart rate monitor, and customizable faces.",
      "price": 129.99,
"image_url": "https://images.unsplash.com/photo-1586023492125-27b2c045efd7?q=80&w=958&auto=format&fit=crop&ixlib=rb-4.0.3&ixid=M3wxMjA3fDB8MHxwaG90by1wYWdlfHx8fGVufDB8fHx8fA%3D%3D"    },
    {
      "title": "Gaming Mouse",
      "description": "Ergonomic gaming mouse with customizable RGB lighting and precision sensor.",
      "price": 49.99,
"image_url": "https://images.unsplash.com/photo-1586023492125-27b2c045efd7?q=80&w=958&auto=format&fit=crop&ixlib=rb-4.0.3&ixid=M3wxMjA3fDB8MHxwaG90by1wYWdlfHx8fGVufDB8fHx8fA%3D%3D"    }
  ]
  